Title,Description,Slug,Status,Categories,Meta Description,Featured Image URL
"Welcome to Our Company","<p>Welcome to our innovative technology company! We specialize in creating cutting-edge solutions that transform businesses and improve lives. Our team of dedicated professionals works tirelessly to deliver exceptional results for our clients.</p><p>Founded in 2020, we have quickly established ourselves as a leader in the industry through our commitment to excellence and customer satisfaction.</p>","welcome-company","publish","About,Company","Learn about our innovative technology company and our mission to transform businesses","https://example.com/images/company-welcome.jpg"
"Our Services & Solutions","<p>We offer a comprehensive range of services designed to meet your business needs:</p><ul><li>Web Development & Design</li><li>Mobile Application Development</li><li>Cloud Infrastructure Solutions</li><li>Digital Marketing & SEO</li><li>Data Analytics & Business Intelligence</li></ul><p>Each service is tailored to your specific requirements and delivered with the highest quality standards.</p>","our-services-solutions","publish","Services,Solutions","Discover our comprehensive range of business services and technology solutions","https://example.com/images/services-overview.jpg"
"Meet Our Expert Team","<p>Our team consists of highly skilled professionals with diverse backgrounds and expertise. From software engineers to project managers, each team member brings unique value to our organization.</p><p>We believe in continuous learning and professional development, ensuring our team stays at the forefront of technology trends and best practices.</p>","meet-expert-team","draft","Team,About","Meet our expert team of professionals dedicated to delivering exceptional results",""
"Contact Information & Office Locations","<p>We have multiple office locations to serve you better:</p><h3>Headquarters</h3><p>123 Technology Drive<br>Innovation City, IC 12345<br>Phone: (555) 123-4567<br>Email: info@company.com</p><h3>Regional Office</h3><p>456 Business Boulevard<br>Commerce Town, CT 67890<br>Phone: (555) 987-6543</p><p>We're always here to help and answer any questions you may have.</p>","contact-information","publish","Contact,Locations","Find our contact information and office locations for all your business needs","https://example.com/images/office-locations.jpg"
"Privacy Policy & Data Protection","<p>Your privacy is important to us. This privacy policy explains how we collect, use, and protect your personal information when you use our services.</p><h3>Information We Collect</h3><p>We collect information you provide directly to us, such as when you create an account, make a purchase, or contact us for support.</p><h3>How We Use Your Information</h3><p>We use the information we collect to provide, maintain, and improve our services, process transactions, and communicate with you.</p>","privacy-policy","publish","Legal,Privacy","Learn about our privacy policy and how we protect your personal data and information",""
"Terms of Service & User Agreement","<p>These terms of service govern your use of our website and services. By accessing or using our services, you agree to be bound by these terms.</p><h3>Acceptance of Terms</h3><p>By using our services, you acknowledge that you have read, understood, and agree to these terms.</p><h3>User Responsibilities</h3><p>You are responsible for maintaining the confidentiality of your account and for all activities that occur under your account.</p>","terms-of-service","draft","Legal,Terms","Read our terms of service and user agreement for using our website and services",""
"Frequently Asked Questions (FAQ)","<p>Here are answers to some of the most commonly asked questions about our services:</p><h3>How do I get started?</h3><p>Simply contact us through our website or call our office to schedule a consultation.</p><h3>What are your pricing options?</h3><p>We offer flexible pricing plans tailored to your specific needs and budget.</p><h3>Do you provide ongoing support?</h3><p>Yes, we provide comprehensive support and maintenance services for all our solutions.</p>","frequently-asked-questions","publish","Support,FAQ","Find answers to frequently asked questions about our services and support options","https://example.com/images/faq-support.jpg"
"Latest News & Company Updates","<p>Stay informed about the latest developments in our company and industry:</p><h3>Recent Achievements</h3><p>We're proud to announce that we've been recognized as ""Best Technology Partner"" by Industry Magazine for the second consecutive year.</p><h3>New Service Launch</h3><p>We're excited to introduce our new AI-powered analytics platform that helps businesses make data-driven decisions.</p>","latest-news-updates","publish","News,Updates","Stay updated with the latest company news and industry developments","https://example.com/images/company-news.jpg"
"Career Opportunities & Job Openings","<p>Join our growing team! We're always looking for talented individuals who share our passion for innovation and excellence.</p><h3>Current Openings</h3><ul><li>Senior Software Developer</li><li>UX/UI Designer</li><li>Project Manager</li><li>Digital Marketing Specialist</li></ul><p>We offer competitive salaries, comprehensive benefits, and opportunities for professional growth.</p>","career-opportunities","draft","Careers,Jobs","Explore career opportunities and job openings at our innovative technology company","https://example.com/images/careers-team.jpg"
"Client Success Stories & Case Studies","<p>Discover how we've helped our clients achieve their business goals through our innovative solutions and dedicated service.</p><h3>E-commerce Platform Transformation</h3><p>We helped a retail client increase their online sales by 300% through a complete platform redesign and optimization.</p><h3>Mobile App Development Success</h3><p>Our mobile app development team created a user-friendly application that gained 100,000+ downloads in the first month.</p>","client-success-stories","publish","Case Studies,Success","Read about our client success stories and how we've helped businesses achieve their goals","https://example.com/images/success-stories.jpg"
"Technology Blog & Industry Insights","<p>Welcome to our technology blog where we share insights, trends, and best practices in the ever-evolving world of technology.</p><p>Our expert team regularly publishes articles on topics ranging from software development to digital transformation strategies.</p><p>Subscribe to stay updated with the latest industry news and technological innovations.</p>","technology-blog-insights","publish","Blog,Technology,Insights","Read our technology blog for industry insights and expert analysis on latest trends","https://example.com/images/tech-blog.jpg"
"Partnership Opportunities & Collaborations","<p>We believe in the power of strategic partnerships to drive innovation and create mutual value. We're always open to exploring collaboration opportunities with like-minded organizations.</p><h3>Types of Partnerships</h3><ul><li>Technology Integration Partners</li><li>Reseller & Channel Partners</li><li>Strategic Alliance Partners</li></ul><p>Contact us to discuss how we can work together to achieve common goals.</p>","partnership-opportunities","draft","Partnerships,Collaboration","Learn about partnership opportunities and how we can collaborate for mutual success",""
"Product Documentation & User Guides","<p>Comprehensive documentation and user guides for all our products and services. Find detailed instructions, tutorials, and troubleshooting information.</p><h3>Getting Started Guides</h3><p>Step-by-step instructions to help you get up and running quickly with our solutions.</p><h3>Advanced Features</h3><p>Detailed documentation for power users who want to leverage advanced features and capabilities.</p>","product-documentation","publish","Documentation,Support,Guides","Access comprehensive product documentation and user guides for all our solutions","https://example.com/images/documentation.jpg"
"Security & Compliance Information","<p>Security is at the core of everything we do. Learn about our comprehensive security measures and compliance certifications.</p><h3>Data Security</h3><p>We implement industry-leading security protocols to protect your data and ensure confidentiality.</p><h3>Compliance Standards</h3><p>We maintain compliance with major industry standards including ISO 27001, SOC 2, and GDPR.</p>","security-compliance","publish","Security,Compliance","Learn about our security measures and compliance certifications for data protection",""
"This is a very long title that exceeds normal length limits and contains special characters like Ã©mojis ðŸš€, Ã±oÃ±Ã³, and other UTF-8 characters like ä¸­æ–‡ and Ø§Ù„Ø¹Ø±Ø¨ÙŠØ© to test validation","<p>This is a test entry with an extremely long title to test the validation system. The description contains various special characters and formatting to ensure proper handling: Ã¡Ã©Ã­Ã³Ãº, Ã§Ã±, Â¿Â¡, â‚¬Â£Â¥, and even some emojis ðŸŽ‰ðŸ”¥ðŸ’¡.</p><p>This entry also tests HTML handling with <strong>bold text</strong>, <em>italic text</em>, and <a href=""#"">links</a>. It should be properly sanitized and validated.</p>","very-long-title-special-characters","invalid_status","Invalid Category Name With Spaces","This meta description is intentionally very long to test the validation limits and see how the system handles descriptions that exceed the recommended length for SEO purposes which is typically around 155-160 characters but this one goes way beyond that limit","invalid-image-url-format"
